DOF,EI = 0,EI = 0.001EAL²,EI = 0.01EAL²,EI = 0.1EAL²
Force/(norm),1.0,-0.17187092491866504,-0.16773430895528627,-0.135203027085847
