DOF,EI = 0 (truss)
u1/(norm),0.0
v1/(norm),0.0
θ1/(norm),0.0
u2/(norm),4.405972373397653e+16
v2/(norm),-0.373835817934482
θ2/(norm),0.0
u3/(norm),-0.22897263632241363
v3/(norm),-2.9373149155984348e+16
θ3/(norm),0.0
u4/(norm),0.0
v4/(norm),0.0
θ4/(norm),0.0
